{"schemaVersion":"1.0","appDefinitionTemplate":{"id":"/providers/Microsoft.PowerApps/apps/","type":"Microsoft.PowerApps/apps","tags":{"primaryDeviceWidth":"640","primaryDeviceHeight":"1136","supportsPortrait":"true","supportsLandscape":"true","primaryFormFactor":"Phone","showStatusBar":"false","publisherVersion":"3.25062.8","minimumRequiredApiVersion":"2.2.0","hasComponent":"false","hasUnlockedComponent":"false","isUnifiedRootApp":"false","sienaVersion":"20250619T033619Z-3.25062.8.0"},"properties":{"appVersion":"2025-06-19T03:36:19Z","lifeCycleId":"Published","createdByClientVersion":{"major":3,"minor":25062,"build":8,"revision":0,"majorRevision":0,"minorRevision":0},"minClientVersion":{"major":3,"minor":25062,"build":8,"revision":0,"majorRevision":0,"minorRevision":0},"backgroundColor":"RGBA(0,176,240,1)","backgroundImageUri":"/14768859244022644712/Nfcf92ec4-3f04-4e91-b2b3-ed26ef9dba11-logoSmallFile","displayName":"Toggle","description":"","commitMessage":"","appUris":{"documentUri":{"value":"/14768859244022644712/Ncf749a37-a96d-4b6f-8ed2-2134de93c293-document.msapp"},"imageUris":[],"additionalUris":[{"isSolutionAware":false,"value":"/14768859244022644712/Ne1c2fadd-4d7a-46e5-9106-dd5a7c1af795-identity.json"}]},"createdTime":"0001-01-01T00:00:00Z","lastModifiedTime":"0001-01-01T00:00:00Z","sharedGroupsCount":0,"sharedUsersCount":0,"connectionReferences":{},"databaseReferences":{},"almMode":"Environment","performanceOptimizationEnabled":true,"canConsumeAppPass":true,"enableModernRuntimeMode":false,"executionRestrictions":{"isTeamsOnly":false,"dataLossPreventionEvaluationResult":{"status":"Compliant","lastEvaluationDate":"2025-06-19T03:36:25.1271372Z","violations":[],"violationsByPolicy":[],"violationErrorMessage":"The app uses the following connectors: ."}}},"isAppComponentLibrary":false,"appType":"ClassicCanvasApp","appComponents":[]}}